11	R-HSA-1059683
196	R-HSA-109581
732	R-HSA-109582
53	R-HSA-109606
2	R-HSA-109703
36	R-HSA-109704
9	R-HSA-110056
16	R-HSA-110312
39	R-HSA-110313
30	R-HSA-110314
19	R-HSA-110320
63	R-HSA-110328
63	R-HSA-110329
58	R-HSA-110330
58	R-HSA-110331
7	R-HSA-110357
8	R-HSA-110362
25	R-HSA-110373
4	R-HSA-110381
10	R-HSA-111367
3	R-HSA-111446
17	R-HSA-111447
5	R-HSA-111448
2	R-HSA-111452
9	R-HSA-111453
5	R-HSA-111457
12	R-HSA-111458
6	R-HSA-111459
14	R-HSA-111461
8	R-HSA-111463
8	R-HSA-111464
40	R-HSA-111465
8	R-HSA-111469
16	R-HSA-111471
92	R-HSA-111885
21	R-HSA-111931
10	R-HSA-111932
36	R-HSA-111933
4	R-HSA-111957
2	R-HSA-111995
38	R-HSA-111996
36	R-HSA-111997
55	R-HSA-112040
54	R-HSA-112043
1	R-HSA-112122
4	R-HSA-112126
5	R-HSA-112303
5	R-HSA-112307
13	R-HSA-112308
50	R-HSA-112310
11	R-HSA-112311
4	R-HSA-112313
210	R-HSA-112314
276	R-HSA-112315
426	R-HSA-112316
74	R-HSA-112382
41	R-HSA-112399
25	R-HSA-112409
8	R-HSA-112411
7	R-HSA-112412
46	R-HSA-113418
13	R-HSA-113501
9	R-HSA-113507
22	R-HSA-113510
2	R-HSA-114294
32	R-HSA-114452
28	R-HSA-114508
5	R-HSA-114516
42	R-HSA-114604
134	R-HSA-114608
101	R-HSA-1168372
86	R-HSA-1169091
6	R-HSA-1169092
72	R-HSA-1169408
80	R-HSA-1169410
14	R-HSA-1170546
20	R-HSA-1181150
30	R-HSA-1187000
81	R-HSA-1221632
1	R-HSA-1222449
1	R-HSA-1222499
43	R-HSA-1222556
59	R-HSA-1226099
49	R-HSA-1227986
11	R-HSA-1234158
93	R-HSA-1234174
84	R-HSA-1234176
19	R-HSA-1236382
57	R-HSA-1236394
8	R-HSA-1236973
153	R-HSA-1236974
169	R-HSA-1236975
46	R-HSA-1236977
68	R-HSA-1236978
13	R-HSA-1237044
6	R-HSA-1237112
9	R-HSA-1247673
20	R-HSA-1250196
9	R-HSA-1250342
13	R-HSA-1250347
4	R-HSA-1251932
32	R-HSA-1251985
8	R-HSA-1253288
289	R-HSA-1257604
36	R-HSA-1266695
1190	R-HSA-1266738
69	R-HSA-1268020
1002	R-HSA-1280215
1162	R-HSA-1280218
14	R-HSA-1295596
4	R-HSA-1296025
32	R-HSA-1296041
9	R-HSA-1296052
4	R-HSA-1296053
32	R-HSA-1296059
5	R-HSA-1296061
38	R-HSA-1296065
3	R-HSA-1296067
107	R-HSA-1296071
43	R-HSA-1296072
12	R-HSA-1296346
1	R-HSA-1299287
3	R-HSA-1299308
2	R-HSA-1299316
1	R-HSA-1299344
2	R-HSA-1299361
3	R-HSA-1299503
10	R-HSA-1300642
7	R-HSA-1300645
4	R-HSA-1306955
3	R-HSA-1307965
13	R-HSA-1358803
19	R-HSA-1362277
16	R-HSA-1362300
11	R-HSA-1362409
3	R-HSA-1368071
18	R-HSA-1368082
27	R-HSA-1368108
4	R-HSA-1369007
18	R-HSA-1369062
16	R-HSA-139853
3	R-HSA-139910
9	R-HSA-139915
3	R-HSA-140179
1	R-HSA-140180
13	R-HSA-140342
15	R-HSA-140534
5	R-HSA-140834
22	R-HSA-140837
23	R-HSA-140875
40	R-HSA-140877
2	R-HSA-141333
1	R-HSA-141334
20	R-HSA-141405
96	R-HSA-141424
20	R-HSA-141430
96	R-HSA-141444
182	R-HSA-1428517
2227	R-HSA-1430728
40	R-HSA-1433557
12	R-HSA-1433559
11	R-HSA-1433617
71	R-HSA-1442490
73	R-HSA-1445148
63	R-HSA-1461957
79	R-HSA-1461973
16	R-HSA-1462054
10	R-HSA-1474151
156	R-HSA-1474165
148	R-HSA-1474228
314	R-HSA-1474244
94	R-HSA-1474290
12	R-HSA-1475029
13	R-HSA-1480926
28	R-HSA-1482788
6	R-HSA-1482798
23	R-HSA-1482801
30	R-HSA-1482839
8	R-HSA-1482883
19	R-HSA-1482922
19	R-HSA-1482925
1	R-HSA-1483076
2	R-HSA-1483101
9	R-HSA-1483115
9	R-HSA-1483148
2	R-HSA-1483152
47	R-HSA-1483166
40	R-HSA-1483191
1	R-HSA-1483196
153	R-HSA-1483206
13	R-HSA-1483213
5	R-HSA-1483226
5	R-HSA-1483248
51	R-HSA-1483249
86	R-HSA-1483255
238	R-HSA-1483257
42	R-HSA-1489509
126	R-HSA-1500620
129	R-HSA-1500931
13	R-HSA-1502540
27	R-HSA-1538133
112	R-HSA-156580
14	R-HSA-156581
2	R-HSA-156582
23	R-HSA-156584
9	R-HSA-156587
27	R-HSA-156588
38	R-HSA-156590
44	R-HSA-1566948
6	R-HSA-1566977
16	R-HSA-156711
123	R-HSA-156827
106	R-HSA-156842
100	R-HSA-156902
257	R-HSA-157118
86	R-HSA-157579
51	R-HSA-157858
96	R-HSA-15869
93	R-HSA-1592230
31	R-HSA-159227
32	R-HSA-159230
39	R-HSA-159231
40	R-HSA-159234
77	R-HSA-159236
37	R-HSA-1592389
17	R-HSA-159418
9	R-HSA-159424
10	R-HSA-159740
9	R-HSA-159763
10	R-HSA-159782
11	R-HSA-159854
23	R-HSA-1606322
5	R-HSA-1606341
6	R-HSA-1614517
14	R-HSA-1614558
3	R-HSA-1614603
28	R-HSA-1614635
2982	R-HSA-162582
1	R-HSA-162585
166	R-HSA-162587
30	R-HSA-162588
1	R-HSA-162589
9	R-HSA-162592
14	R-HSA-162594
153	R-HSA-162599
13	R-HSA-162658
3	R-HSA-162699
18	R-HSA-162710
7	R-HSA-162791
265	R-HSA-162906
145	R-HSA-162909
126	R-HSA-1630316
109	R-HSA-163125
131	R-HSA-163200
18	R-HSA-163210
3	R-HSA-163282
96	R-HSA-1632852
1	R-HSA-163316
5	R-HSA-163358
36	R-HSA-163359
24	R-HSA-163560
19	R-HSA-163615
9	R-HSA-163680
119	R-HSA-163685
2	R-HSA-163754
14	R-HSA-163765
7	R-HSA-163767
34	R-HSA-1638074
57	R-HSA-1638091
39	R-HSA-163841
695	R-HSA-1640170
1146	R-HSA-1643685
25	R-HSA-1643713
19	R-HSA-164378
1	R-HSA-164516
1	R-HSA-164525
7	R-HSA-164843
22	R-HSA-164938
2	R-HSA-164939
11	R-HSA-164940
7	R-HSA-164944
28	R-HSA-164952
32	R-HSA-165054
72	R-HSA-1650814
4	R-HSA-165158
39	R-HSA-165159
2	R-HSA-165160
3	R-HSA-165181
54	R-HSA-1655829
136	R-HSA-166016
2	R-HSA-166020
55	R-HSA-1660499
18	R-HSA-1660514
16	R-HSA-1660516
11	R-HSA-1660517
102	R-HSA-166058
43	R-HSA-1660661
51	R-HSA-1660662
106	R-HSA-166166
5	R-HSA-166187
22	R-HSA-166208
13	R-HSA-1663150
99	R-HSA-166520
163	R-HSA-166658
7	R-HSA-166662
127	R-HSA-166663
8	R-HSA-166665
101	R-HSA-166786
3	R-HSA-167021
19	R-HSA-167044
4	R-HSA-167060
61	R-HSA-167152
46	R-HSA-167158
35	R-HSA-167160
57	R-HSA-167161
57	R-HSA-167162
59	R-HSA-167169
88	R-HSA-167172
59	R-HSA-167200
39	R-HSA-167238
28	R-HSA-167242
39	R-HSA-167243
59	R-HSA-167246
41	R-HSA-167287
41	R-HSA-167290
9	R-HSA-167590
5	R-HSA-167826
5	R-HSA-167827
13	R-HSA-1679131
104	R-HSA-168138
92	R-HSA-168142
102	R-HSA-168164
92	R-HSA-168176
105	R-HSA-168179
100	R-HSA-168181
102	R-HSA-168188
1352	R-HSA-168249
40	R-HSA-168253
168	R-HSA-168254
157	R-HSA-168255
2715	R-HSA-168256
3	R-HSA-168268
29	R-HSA-168271
143	R-HSA-168273
34	R-HSA-168274
2	R-HSA-168275
39	R-HSA-168276
1	R-HSA-168277
2	R-HSA-168315
3	R-HSA-168316
41	R-HSA-168325
5	R-HSA-168330
29	R-HSA-168333
35	R-HSA-168638
54	R-HSA-168643
10	R-HSA-168799
162	R-HSA-168898
20	R-HSA-168927
86	R-HSA-168928
1	R-HSA-169131
12	R-HSA-169893
71	R-HSA-169911
3	R-HSA-170145
11	R-HSA-170660
15	R-HSA-170670
29	R-HSA-170822
73	R-HSA-170834
9	R-HSA-170968
7	R-HSA-170984
13	R-HSA-171007
1	R-HSA-171286
55	R-HSA-171306
7	R-HSA-171319
4	R-HSA-173107
3	R-HSA-173599
94	R-HSA-173623
11	R-HSA-173736
23	R-HSA-174048
81	R-HSA-174084
73	R-HSA-174113
104	R-HSA-174143
85	R-HSA-174154
90	R-HSA-174178
90	R-HSA-174184
6	R-HSA-174362
13	R-HSA-174403
14	R-HSA-174411
11	R-HSA-174414
24	R-HSA-174417
8	R-HSA-174430
10	R-HSA-174437
15	R-HSA-174490
15	R-HSA-174495
24	R-HSA-174577
67	R-HSA-174824
17	R-HSA-175474
3	R-HSA-175567
34	R-HSA-176033
2	R-HSA-176034
38	R-HSA-176187
19	R-HSA-176407
98	R-HSA-176408
93	R-HSA-176409
19	R-HSA-176412
6	R-HSA-176417
94	R-HSA-176814
12	R-HSA-176974
8	R-HSA-177128
6	R-HSA-177135
2	R-HSA-177162
34	R-HSA-177243
14	R-HSA-177504
3	R-HSA-177539
50	R-HSA-177929
51	R-HSA-1793185
25	R-HSA-179409
91	R-HSA-179419
13	R-HSA-179812
123	R-HSA-1799339
25	R-HSA-180024
16	R-HSA-180292
14	R-HSA-180336
70	R-HSA-180534
71	R-HSA-180585
4	R-HSA-180689
31	R-HSA-180746
31	R-HSA-180786
3	R-HSA-180897
31	R-HSA-180910
19	R-HSA-1810476
17	R-HSA-181429
17	R-HSA-181430
14	R-HSA-181431
105	R-HSA-181438
7	R-HSA-182218
31	R-HSA-182971
16	R-HSA-1834941
67	R-HSA-1834949
16	R-HSA-1839117
8	R-HSA-1839122
26	R-HSA-1839124
30	R-HSA-1839126
1	R-HSA-1839128
9	R-HSA-1839130
313	R-HSA-1852241
11	R-HSA-1855167
14	R-HSA-1855183
4	R-HSA-1855191
29	R-HSA-1855204
1	R-HSA-1855231
42	R-HSA-186712
28	R-HSA-186763
56	R-HSA-186797
6	R-HSA-187015
5	R-HSA-187024
78	R-HSA-187037
2	R-HSA-187042
78	R-HSA-187577
31	R-HSA-187687
5	R-HSA-187706
11	R-HSA-189085
23	R-HSA-189200
17	R-HSA-189445
11	R-HSA-189451
6	R-HSA-189483
79	R-HSA-190236
9	R-HSA-190239
16	R-HSA-190241
11	R-HSA-190242
12	R-HSA-190322
5	R-HSA-190370
4	R-HSA-190371
9	R-HSA-190372
8	R-HSA-190373
1	R-HSA-190374
9	R-HSA-190375
9	R-HSA-190377
3	R-HSA-190704
3	R-HSA-190827
49	R-HSA-190828
20	R-HSA-190840
38	R-HSA-190861
21	R-HSA-190872
12	R-HSA-190873
9	R-HSA-1912399
98	R-HSA-1912408
21	R-HSA-1912420
114	R-HSA-1912422
24	R-HSA-191273
3	R-HSA-191650
54	R-HSA-191859
34	R-HSA-192105
6	R-HSA-192456
100	R-HSA-192823
2	R-HSA-192905
11	R-HSA-193048
6	R-HSA-193144
24	R-HSA-193368
9	R-HSA-193634
16	R-HSA-193639
64	R-HSA-193648
6	R-HSA-193670
3	R-HSA-193681
11	R-HSA-193692
10	R-HSA-193697
103	R-HSA-193704
14	R-HSA-193775
15	R-HSA-193807
11	R-HSA-193993
14	R-HSA-194002
43	R-HSA-194068
106	R-HSA-194138
4	R-HSA-194306
8	R-HSA-194313
466	R-HSA-194315
54	R-HSA-194441
150	R-HSA-194840
100	R-HSA-195253
326	R-HSA-195258
8	R-HSA-195399
360	R-HSA-195721
11	R-HSA-196025
39	R-HSA-196071
12	R-HSA-196108
17	R-HSA-196299
15	R-HSA-1963640
13	R-HSA-1963642
23	R-HSA-196741
16	R-HSA-196757
12	R-HSA-196780
9	R-HSA-196783
11	R-HSA-196791
33	R-HSA-196807
5	R-HSA-196819
8	R-HSA-196836
8	R-HSA-196843
127	R-HSA-196849
199	R-HSA-196854
27	R-HSA-1971475
21	R-HSA-197264
74	R-HSA-1980143
36	R-HSA-1980145
9	R-HSA-198203
15	R-HSA-198323
11	R-HSA-198693
26	R-HSA-198725
3	R-HSA-198745
23	R-HSA-198753
2	R-HSA-198765
410	R-HSA-198933
122	R-HSA-1989781
18	R-HSA-199220
103	R-HSA-199418
8	R-HSA-199920
158	R-HSA-199977
646	R-HSA-199991
72	R-HSA-199992
15	R-HSA-200425
29	R-HSA-201451
262	R-HSA-201681
14	R-HSA-201688
94	R-HSA-201722
29	R-HSA-202040
21	R-HSA-202131
64	R-HSA-2022090
19	R-HSA-2022377
28	R-HSA-2022854
13	R-HSA-2022857
19	R-HSA-2022870
12	R-HSA-2022923
32	R-HSA-2022928
1	R-HSA-2023837
185	R-HSA-202403
22	R-HSA-2024096
14	R-HSA-2024101
163	R-HSA-202424
70	R-HSA-202427
66	R-HSA-202430
80	R-HSA-202433
9	R-HSA-2025928
13	R-HSA-202670
227	R-HSA-202733
21	R-HSA-2028269
172	R-HSA-2029480
99	R-HSA-2029481
148	R-HSA-2029482
113	R-HSA-2029485
15	R-HSA-2032785
9	R-HSA-2033514
1	R-HSA-2033515
14	R-HSA-2033519
17	R-HSA-203615
5	R-HSA-203641
2	R-HSA-203754
24	R-HSA-203927
71	R-HSA-204005
16	R-HSA-204174
12	R-HSA-2046104
8	R-HSA-2046105
12	R-HSA-2046106
4	R-HSA-204626
82	R-HSA-204998
2	R-HSA-205017
7	R-HSA-205025
16	R-HSA-205043
13	R-HSA-209543
13	R-HSA-209560
4	R-HSA-209563
18	R-HSA-209776
12	R-HSA-209822
4	R-HSA-209905
5	R-HSA-209931
14	R-HSA-209952
10	R-HSA-209968
4	R-HSA-210455
23	R-HSA-210500
18	R-HSA-210744
20	R-HSA-210745
5	R-HSA-210746
8	R-HSA-210747
12	R-HSA-210990
26	R-HSA-210991
18	R-HSA-210993
136	R-HSA-211000
5	R-HSA-211163
2	R-HSA-211728
68	R-HSA-211733
2	R-HSA-211736
230	R-HSA-211859
71	R-HSA-211897
6	R-HSA-211916
16	R-HSA-211935
111	R-HSA-211945
1	R-HSA-211957
13	R-HSA-211958
32	R-HSA-211976
12	R-HSA-211979
25	R-HSA-211981
2	R-HSA-211994
12	R-HSA-211999
170	R-HSA-212165
47	R-HSA-2122947
32	R-HSA-2122948
75	R-HSA-212300
1308	R-HSA-212436
22	R-HSA-212676
9	R-HSA-212718
37	R-HSA-2129379
196	R-HSA-2132295
8	R-HSA-2142670
11	R-HSA-2142688
25	R-HSA-2142691
1	R-HSA-2142696
8	R-HSA-2142700
7	R-HSA-2142712
63	R-HSA-2142753
6	R-HSA-2142770
8	R-HSA-2142789
9	R-HSA-2142816
17	R-HSA-2142845
5	R-HSA-2142850
54	R-HSA-2151201
10	R-HSA-2151209
1	R-HSA-2160456
84	R-HSA-216083
12	R-HSA-2160916
5	R-HSA-2161517
10	R-HSA-2161522
5	R-HSA-2161541
15	R-HSA-2162123
99	R-HSA-2168880
87	R-HSA-2172127
3	R-HSA-217271
129	R-HSA-2173782
25	R-HSA-2173788
32	R-HSA-2173789
16	R-HSA-2173791
44	R-HSA-2173793
23	R-HSA-2173795
32	R-HSA-2173796
9	R-HSA-2179392
7	R-HSA-2187335
106	R-HSA-2187338
14	R-HSA-2197563
1	R-HSA-2206280
11	R-HSA-2206281
1	R-HSA-2206282
1	R-HSA-2206285
1	R-HSA-2206290
1	R-HSA-2206291
1	R-HSA-2206292
1	R-HSA-2206296
1	R-HSA-2206302
1	R-HSA-2206305
1	R-HSA-2206307
1	R-HSA-2206308
15	R-HSA-2214320
90	R-HSA-2219528
62	R-HSA-2219530
18	R-HSA-2243919
472	R-HSA-2262752
76	R-HSA-2299718
4	R-HSA-2393930
3	R-HSA-2395516
46	R-HSA-2404192
8	R-HSA-2408508
128	R-HSA-2408522
3	R-HSA-2408550
1	R-HSA-2408552
105	R-HSA-2408557
34	R-HSA-2424491
41	R-HSA-2426168
45	R-HSA-2428924
45	R-HSA-2428928
8	R-HSA-2428933
14	R-HSA-2453864
24	R-HSA-2453902
232	R-HSA-2454202
10	R-HSA-2465910
2	R-HSA-2466712
209	R-HSA-2467813
11	R-HSA-2468052
10	R-HSA-2470946
4	R-HSA-2473224
14	R-HSA-2474795
12	R-HSA-2485179
127	R-HSA-2500257
17	R-HSA-2514853
33	R-HSA-2514856
32	R-HSA-2514859
13	R-HSA-2534343
218	R-HSA-2555396
130	R-HSA-2559580
117	R-HSA-2559582
208	R-HSA-2559583
16	R-HSA-2559584
34	R-HSA-2559585
83	R-HSA-2559586
10	R-HSA-2562578
13	R-HSA-2564830
96	R-HSA-2565942
9	R-HSA-2586552
60	R-HSA-2644602
60	R-HSA-2644603
4	R-HSA-2644605
60	R-HSA-2644606
4	R-HSA-2644607
16	R-HSA-264642
14	R-HSA-264870
27	R-HSA-264876
8	R-HSA-2660825
8	R-HSA-2660826
109	R-HSA-2672351
93	R-HSA-2682334
16	R-HSA-2691230
16	R-HSA-2691232
99	R-HSA-2730905
4	R-HSA-2855086
115	R-HSA-2871796
113	R-HSA-2871809
184	R-HSA-2871837
9	R-HSA-2892245
19	R-HSA-2892247
60	R-HSA-2894858
60	R-HSA-2894862
1	R-HSA-2978092
23	R-HSA-2979096
91	R-HSA-2980736
47	R-HSA-2980766
7	R-HSA-2980767
198	R-HSA-2990846
10	R-HSA-2995383
10	R-HSA-2995410
30	R-HSA-3000157
27	R-HSA-3000170
67	R-HSA-3000171
77	R-HSA-3000178
5	R-HSA-3000471
19	R-HSA-3000480
8	R-HSA-3000484
4	R-HSA-3000497
5	R-HSA-3065676
7	R-HSA-3065678
6	R-HSA-3065679
86	R-HSA-3108214
192	R-HSA-3108232
8	R-HSA-3134963
5	R-HSA-3134973
15	R-HSA-3134975
97	R-HSA-3214815
76	R-HSA-3214841
50	R-HSA-3214842
148	R-HSA-3214847
81	R-HSA-3214858
10	R-HSA-3215018
16	R-HSA-3229121
1	R-HSA-3229133
18	R-HSA-3232118
39	R-HSA-3232142
28	R-HSA-3238698
291	R-HSA-3247509
1	R-HSA-3248023
3	R-HSA-3249367
13	R-HSA-3270619
1	R-HSA-3274531
1	R-HSA-3282872
29	R-HSA-3295583
3	R-HSA-3296197
14	R-HSA-3296469
23	R-HSA-3296482
36	R-HSA-3299685
33	R-HSA-3301854
3	R-HSA-3304347
5	R-HSA-3304349
6	R-HSA-3304351
4	R-HSA-3304356
3	R-HSA-3311021
3	R-HSA-3315487
16	R-HSA-3322077
9	R-HSA-3323169
1	R-HSA-3359454
1	R-HSA-3359457
1	R-HSA-3359458
3	R-HSA-3359462
3	R-HSA-3359463
2	R-HSA-3359467
2	R-HSA-3359469
1	R-HSA-3359471
2	R-HSA-3359473
1	R-HSA-3359474
2	R-HSA-3359475
2	R-HSA-3359478
2	R-HSA-3359485
10	R-HSA-3371378
80	R-HSA-3371453
68	R-HSA-3371497
14	R-HSA-3371511
100	R-HSA-3371556
26	R-HSA-3371568
36	R-HSA-3371571
1	R-HSA-3371598
8	R-HSA-3371599
70	R-HSA-349425
32	R-HSA-350054
69	R-HSA-350562
3	R-HSA-350864
2	R-HSA-351143
2	R-HSA-351200
76	R-HSA-351202
12	R-HSA-351906
33	R-HSA-352230
2	R-HSA-352238
26	R-HSA-354192
14	R-HSA-354194
41	R-HSA-3560782
20	R-HSA-3560783
1	R-HSA-3560792
1	R-HSA-3560796
20	R-HSA-3560801
8	R-HSA-3595172
8	R-HSA-3595174
8	R-HSA-3595177
2	R-HSA-3642278
1	R-HSA-3642279
2	R-HSA-3645790
8	R-HSA-3656225
1	R-HSA-3656234
14	R-HSA-3656237
8	R-HSA-3656243
8	R-HSA-3656244
1	R-HSA-3656248
14	R-HSA-3656253
4	R-HSA-3656532
5	R-HSA-3656534
3	R-HSA-3656535
411	R-HSA-3700989
15	R-HSA-372708
1349	R-HSA-372790
328	R-HSA-373076
98	R-HSA-373080
49	R-HSA-373752
24	R-HSA-373753
66	R-HSA-373755
2	R-HSA-373756
126	R-HSA-373760
62	R-HSA-375165
191	R-HSA-375276
43	R-HSA-375280
12	R-HSA-375281
11	R-HSA-376172
245	R-HSA-376176
43	R-HSA-3769402
16	R-HSA-3772470
17	R-HSA-3781860
158	R-HSA-3781865
9	R-HSA-3785653
3	R-HSA-379397
2	R-HSA-379398
5	R-HSA-379401
29	R-HSA-379716
48	R-HSA-379724
22	R-HSA-379726
5	R-HSA-380095
50	R-HSA-380108
79	R-HSA-380259
91	R-HSA-380270
79	R-HSA-380284
91	R-HSA-380287
105	R-HSA-380320
2	R-HSA-380612
3	R-HSA-380615
28	R-HSA-380972
27	R-HSA-380994
11	R-HSA-381033
48	R-HSA-381038
32	R-HSA-381042
50	R-HSA-381070
92	R-HSA-381119
9	R-HSA-381183
91	R-HSA-381340
127	R-HSA-381426
2	R-HSA-3814836
44	R-HSA-381676
505	R-HSA-381753
20	R-HSA-381771
791	R-HSA-382551
136	R-HSA-382556
2	R-HSA-3828062
46	R-HSA-383280
163	R-HSA-3858494
2	R-HSA-3858516
3	R-HSA-3878781
1284	R-HSA-388396
6	R-HSA-388479
116	R-HSA-388841
20	R-HSA-388844
32	R-HSA-389356
23	R-HSA-389357
11	R-HSA-389359
8	R-HSA-389397
21	R-HSA-389513
1	R-HSA-389542
5	R-HSA-389599
31	R-HSA-389661
8	R-HSA-389887
51	R-HSA-3899300
71	R-HSA-389948
32	R-HSA-389957
37	R-HSA-389958
26	R-HSA-389960
23	R-HSA-389977
9	R-HSA-390247
10	R-HSA-390450
111	R-HSA-390466
43	R-HSA-390471
36	R-HSA-390522
5	R-HSA-390648
4	R-HSA-390650
6	R-HSA-390651
12	R-HSA-390666
9	R-HSA-390696
76	R-HSA-3906995
25	R-HSA-390918
14	R-HSA-391160
117	R-HSA-391251
17	R-HSA-391903
7	R-HSA-391906
9	R-HSA-391908
3	R-HSA-392023
21	R-HSA-392154
23	R-HSA-392170
27	R-HSA-392451
2178	R-HSA-392499
15	R-HSA-392517
32	R-HSA-392518
20	R-HSA-392851
41	R-HSA-3928662
30	R-HSA-3928663
17	R-HSA-3928664
50	R-HSA-3928665
212	R-HSA-397014
34	R-HSA-397795
4	R-HSA-399710
29	R-HSA-399719
29	R-HSA-399721
16	R-HSA-399954
14	R-HSA-399955
16	R-HSA-399956
10	R-HSA-399997
30	R-HSA-400042
123	R-HSA-400206
67	R-HSA-400253
11	R-HSA-400451
24	R-HSA-400508
14	R-HSA-400511
25	R-HSA-400685
1	R-HSA-4043911
1	R-HSA-4043916
41	R-HSA-4085001
1	R-HSA-4085011
1	R-HSA-4085023
32	R-HSA-4085377
60	R-HSA-4086398
111	R-HSA-4086400
24	R-HSA-4090294
220	R-HSA-416476
85	R-HSA-416482
8	R-HSA-416550
21	R-HSA-416572
20	R-HSA-416700
15	R-HSA-416993
12	R-HSA-417957
4	R-HSA-417973
16	R-HSA-418038
21	R-HSA-418217
86	R-HSA-418346
12	R-HSA-418359
28	R-HSA-418360
15	R-HSA-418457
652	R-HSA-418555
25	R-HSA-418592
457	R-HSA-418594
50	R-HSA-418597
13	R-HSA-418885
8	R-HSA-418886
10	R-HSA-418889
10	R-HSA-418890
32	R-HSA-418990
43	R-HSA-419037
15	R-HSA-419408
9	R-HSA-419771
10	R-HSA-419812
31	R-HSA-420029
35	R-HSA-420092
67	R-HSA-420499
7	R-HSA-420597
65	R-HSA-421270
18	R-HSA-422085
81	R-HSA-422356
591	R-HSA-422475
99	R-HSA-425366
10	R-HSA-425381
108	R-HSA-425393
43	R-HSA-425397
266	R-HSA-425407
31	R-HSA-425410
11	R-HSA-425561
9	R-HSA-425986
5	R-HSA-426048
7	R-HSA-426117
9	R-HSA-426486
7	R-HSA-426496
69	R-HSA-427359
83	R-HSA-427389
122	R-HSA-427413
3	R-HSA-427589
9	R-HSA-427601
5	R-HSA-427652
4	R-HSA-427975
94	R-HSA-428157
3	R-HSA-428359
13	R-HSA-428540
9	R-HSA-428542
8	R-HSA-428543
2	R-HSA-428559
11	R-HSA-428643
8	R-HSA-428890
24	R-HSA-428930
3	R-HSA-429593
71	R-HSA-429914
29	R-HSA-429947
21	R-HSA-429958
21	R-HSA-430039
11	R-HSA-430116
2	R-HSA-432030
46	R-HSA-432040
13	R-HSA-432047
17	R-HSA-432142
35	R-HSA-432720
54	R-HSA-432722
5	R-HSA-433137
7	R-HSA-433692
10	R-HSA-4341670
3	R-HSA-434313
8	R-HSA-434316
22	R-HSA-435354
7	R-HSA-435368
49	R-HSA-437239
80	R-HSA-438064
20	R-HSA-438066
8	R-HSA-4411364
13	R-HSA-4419969
97	R-HSA-4420097
20	R-HSA-4420332
15	R-HSA-442380
20	R-HSA-442660
13	R-HSA-442720
8	R-HSA-442729
29	R-HSA-442742
92	R-HSA-442755
20	R-HSA-442982
5	R-HSA-444209
8	R-HSA-444257
3	R-HSA-444411
7	R-HSA-444473
9	R-HSA-444821
31	R-HSA-445095
26	R-HSA-445144
39	R-HSA-445355
55	R-HSA-445717
39	R-HSA-445989
11	R-HSA-446107
87	R-HSA-446193
6	R-HSA-446199
327	R-HSA-446203
5	R-HSA-446205
8	R-HSA-446210
72	R-HSA-446219
4	R-HSA-446343
18	R-HSA-446353
8	R-HSA-446388
164	R-HSA-446652
92	R-HSA-446728
7	R-HSA-447038
9	R-HSA-447041
7	R-HSA-447043
60	R-HSA-447115
72	R-HSA-448424
8	R-HSA-448706
672	R-HSA-449147
299	R-HSA-449836
32	R-HSA-450282
64	R-HSA-450294
23	R-HSA-450302
22	R-HSA-450321
10	R-HSA-450341
17	R-HSA-450385
76	R-HSA-450408
17	R-HSA-450513
8	R-HSA-450520
109	R-HSA-450531
18	R-HSA-450604
10	R-HSA-451306
2	R-HSA-451307
10	R-HSA-451308
31	R-HSA-451326
45	R-HSA-451927
29	R-HSA-452723
231	R-HSA-453274
104	R-HSA-453276
169	R-HSA-453279
1	R-HSA-4549349
1	R-HSA-4549356
1	R-HSA-4549380
1	R-HSA-4551295
72	R-HSA-4551638
32	R-HSA-456926
49	R-HSA-4570464
1	R-HSA-4570571
83	R-HSA-4608870
43	R-HSA-4615885
73	R-HSA-4641257
75	R-HSA-4641258
32	R-HSA-4641262
22	R-HSA-4641263
12	R-HSA-4641265
21	R-HSA-4655427
1	R-HSA-4687000
3	R-HSA-4717374
3	R-HSA-4719360
3	R-HSA-4719377
1	R-HSA-4720454
1	R-HSA-4720475
1	R-HSA-4720489
1	R-HSA-4724289
1	R-HSA-4724325
11	R-HSA-4755510
1	R-HSA-4755579
1	R-HSA-4755583
2	R-HSA-4755609
35	R-HSA-4791275
1	R-HSA-4793950
1	R-HSA-4793952
1	R-HSA-4793953
1	R-HSA-4793954
2	R-HSA-480985
291	R-HSA-4839726
14	R-HSA-4839735
15	R-HSA-4839743
14	R-HSA-4839744
14	R-HSA-4839748
28	R-HSA-499943
22	R-HSA-500657
3	R-HSA-500753
493	R-HSA-500792
21	R-HSA-5083625
2	R-HSA-5083627
2	R-HSA-5083628
3	R-HSA-5083629
8	R-HSA-5083630
22	R-HSA-5083632
3	R-HSA-5083633
38	R-HSA-5083635
21	R-HSA-5083636
15	R-HSA-5099900
48	R-HSA-512988
13	R-HSA-5140745
118	R-HSA-5173105
39	R-HSA-5173214
33	R-HSA-5205647
22	R-HSA-5205685
7	R-HSA-5210891
20	R-HSA-5213460
20	R-HSA-5218859
10	R-HSA-5218900
28	R-HSA-5218920
18	R-HSA-5218921
4	R-HSA-5221030
26	R-HSA-5223345
119	R-HSA-5250913
98	R-HSA-5250924
125	R-HSA-5250941
5	R-HSA-5250955
3	R-HSA-5250958
4	R-HSA-5250968
3	R-HSA-5250971
5	R-HSA-5250981
1	R-HSA-5250982
3	R-HSA-5250989
3	R-HSA-5250992
28	R-HSA-525793
24	R-HSA-5260271
1	R-HSA-5263617
42	R-HSA-532668
66	R-HSA-5334118
6	R-HSA-5336415
25	R-HSA-5339562
3	R-HSA-5339700
15	R-HSA-5339716
6	R-HSA-5339717
1	R-HSA-5340573
9	R-HSA-5340588
2	R-HSA-5357609
25	R-HSA-5357769
19	R-HSA-5357786
200	R-HSA-5357801
39	R-HSA-5357905
37	R-HSA-5357956
84	R-HSA-5358346
171	R-HSA-5358351
8	R-HSA-5358493
15	R-HSA-5358508
14	R-HSA-5358565
14	R-HSA-5358606
15	R-HSA-5358747
15	R-HSA-5358749
15	R-HSA-5358751
15	R-HSA-5358752
58	R-HSA-5362517
74	R-HSA-5362768
8	R-HSA-5362798
32	R-HSA-5365859
96	R-HSA-5368286
102	R-HSA-5368287
4	R-HSA-5368598
78	R-HSA-5387390
96	R-HSA-5389840
96	R-HSA-5419276
5	R-HSA-5423599
20	R-HSA-5423646
1	R-HSA-5467333
14	R-HSA-5467337
14	R-HSA-5467340
14	R-HSA-5467348
10	R-HSA-549127
15	R-HSA-549132
2	R-HSA-5545483
2	R-HSA-5545619
800	R-HSA-556833
19	R-HSA-5576886
8	R-HSA-5576890
143	R-HSA-5576891
47	R-HSA-5576892
29	R-HSA-5576893
7	R-HSA-5576894
105	R-HSA-5578749
13	R-HSA-5578768
54	R-HSA-5578775
1	R-HSA-5578995
1	R-HSA-5578996
1	R-HSA-5578997
1	R-HSA-5578998
2	R-HSA-5578999
1	R-HSA-5579000
1	R-HSA-5579002
1	R-HSA-5579004
1	R-HSA-5579005
1	R-HSA-5579006
1	R-HSA-5579007
1	R-HSA-5579009
1	R-HSA-5579010
1	R-HSA-5579011
1	R-HSA-5579012
1	R-HSA-5579013
1	R-HSA-5579014
1	R-HSA-5579015
1	R-HSA-5579016
1	R-HSA-5579017
1	R-HSA-5579019
1	R-HSA-5579020
6	R-HSA-5579021
2	R-HSA-5579022
1	R-HSA-5579024
4	R-HSA-5579026
1	R-HSA-5579027
1	R-HSA-5579028
42	R-HSA-5579029
1	R-HSA-5579030
2	R-HSA-5579031
1	R-HSA-5579032
30	R-HSA-5601884
24	R-HSA-5602358
1	R-HSA-5602410
2	R-HSA-5602415
10	R-HSA-5602498
2	R-HSA-5602566
3	R-HSA-5602571
3	R-HSA-5602636
2	R-HSA-5602680
3	R-HSA-5603027
7	R-HSA-5603029
4	R-HSA-5603037
11	R-HSA-5603041
78	R-HSA-5607761
11	R-HSA-5607763
115	R-HSA-5607764
1	R-HSA-5609974
25	R-HSA-5609975
1	R-HSA-5609976
1	R-HSA-5609977
1	R-HSA-5609978
5	R-HSA-561048
78	R-HSA-5610780
78	R-HSA-5610783
78	R-HSA-5610785
133	R-HSA-5610787
123	R-HSA-5617472
220	R-HSA-5617833
1	R-HSA-5619035
1	R-HSA-5619036
1	R-HSA-5619037
1	R-HSA-5619039
1	R-HSA-5619040
1	R-HSA-5619041
1	R-HSA-5619042
1	R-HSA-5619043
1	R-HSA-5619044
1	R-HSA-5619045
1	R-HSA-5619046
1	R-HSA-5619047
1	R-HSA-5619048
2	R-HSA-5619049
1	R-HSA-5619050
1	R-HSA-5619052
1	R-HSA-5619053
1	R-HSA-5619054
1	R-HSA-5619055
1	R-HSA-5619056
2	R-HSA-5619058
2	R-HSA-5619060
1	R-HSA-5619061
1	R-HSA-5619062
1	R-HSA-5619063
1	R-HSA-5619066
1	R-HSA-5619067
1	R-HSA-5619068
3	R-HSA-5619070
1	R-HSA-5619071
1	R-HSA-5619072
1	R-HSA-5619073
1	R-HSA-5619076
1	R-HSA-5619077
1	R-HSA-5619078
1	R-HSA-5619079
2	R-HSA-5619081
1	R-HSA-5619083
103	R-HSA-5619084
1	R-HSA-5619085
1	R-HSA-5619087
1	R-HSA-5619088
1	R-HSA-5619089
1	R-HSA-5619092
1	R-HSA-5619094
1	R-HSA-5619095
1	R-HSA-5619096
1	R-HSA-5619097
1	R-HSA-5619098
3	R-HSA-5619099
1	R-HSA-5619101
99	R-HSA-5619102
1	R-HSA-5619104
29	R-HSA-5619107
1	R-HSA-5619108
1	R-HSA-5619109
2	R-HSA-5619110
1	R-HSA-5619111
2	R-HSA-5619113
1	R-HSA-5619114
202	R-HSA-5619115
123	R-HSA-5619507
107	R-HSA-5620912
22	R-HSA-5620916
52	R-HSA-5620920
23	R-HSA-5620922
55	R-HSA-5620924
31	R-HSA-5621480
161	R-HSA-5621481
22	R-HSA-5621575
5	R-HSA-5624138
3	R-HSA-5624958
97	R-HSA-5625740
68	R-HSA-5625886
20	R-HSA-5625900
11	R-HSA-5625970
32	R-HSA-5626467
12	R-HSA-5626978
3	R-HSA-5627083
20	R-HSA-5627117
22	R-HSA-5627123
86	R-HSA-5628897
8	R-HSA-5632681
104	R-HSA-5632684
2	R-HSA-5632927
3	R-HSA-5632928
2	R-HSA-5632968
2	R-HSA-5632987
182	R-HSA-5633007
46	R-HSA-5633008
2	R-HSA-5633231
18	R-HSA-5635838
3	R-HSA-5635851
15	R-HSA-5637810
15	R-HSA-5637812
19	R-HSA-5637815
8	R-HSA-5638302
8	R-HSA-5638303
7	R-HSA-5649702
21	R-HSA-5651801
7	R-HSA-5652084
2	R-HSA-5652227
772	R-HSA-5653656
3	R-HSA-5653890
11	R-HSA-5654219
14	R-HSA-5654221
9	R-HSA-5654227
13	R-HSA-5654228
25	R-HSA-5654687
15	R-HSA-5654688
15	R-HSA-5654689
18	R-HSA-5654693
18	R-HSA-5654695
25	R-HSA-5654696
18	R-HSA-5654699
21	R-HSA-5654700
13	R-HSA-5654704
16	R-HSA-5654706
20	R-HSA-5654708
13	R-HSA-5654710
20	R-HSA-5654712
24	R-HSA-5654716
17	R-HSA-5654719
17	R-HSA-5654720
26	R-HSA-5654726
28	R-HSA-5654727
23	R-HSA-5654732
27	R-HSA-5654733
43	R-HSA-5654736
68	R-HSA-5654738
34	R-HSA-5654741
37	R-HSA-5654743
40	R-HSA-5655253
11	R-HSA-5655291
34	R-HSA-5655302
19	R-HSA-5655332
2	R-HSA-5655799
17	R-HSA-5655862
17	R-HSA-5656121
32	R-HSA-5656169
1	R-HSA-5656364
1	R-HSA-5657560
1	R-HSA-5657562
1	R-HSA-5657655
5	R-HSA-5658034
1	R-HSA-5658208
89	R-HSA-5658442
1	R-HSA-5658471
10	R-HSA-5658623
1	R-HSA-5659729
1	R-HSA-5659735
2	R-HSA-5659898
1	R-HSA-5659996
3	R-HSA-5660489
14	R-HSA-5660526
6	R-HSA-5660668
1	R-HSA-5660686
2	R-HSA-5660724
2	R-HSA-5660862
2	R-HSA-5660883
1	R-HSA-5661182
11	R-HSA-5661231
5	R-HSA-5661270
5	R-HSA-5662702
1	R-HSA-5662853
1	R-HSA-5663020
34	R-HSA-5663084
402	R-HSA-5663202
423	R-HSA-5663205
35	R-HSA-5663213
140	R-HSA-5663220
9	R-HSA-5666185
134	R-HSA-5668541
24	R-HSA-5668599
111	R-HSA-5668914
32	R-HSA-5669034
31	R-HSA-5673000
257	R-HSA-5673001
41	R-HSA-5674135
27	R-HSA-5674400
1	R-HSA-5674404
6	R-HSA-5674499
44	R-HSA-5675221
17	R-HSA-5675482
77	R-HSA-5676590
25	R-HSA-5676594
7	R-HSA-5676934
2	R-HSA-5678420
1	R-HSA-5678520
1	R-HSA-5678771
86	R-HSA-5678895
1	R-HSA-5679001
2	R-HSA-5679090
2	R-HSA-5679096
2	R-HSA-5682113
1	R-HSA-5682294
14	R-HSA-5682910
304	R-HSA-5683057
2	R-HSA-5683177
1	R-HSA-5683329
1	R-HSA-5683371
1	R-HSA-5683678
30	R-HSA-5683826
1	R-HSA-5684045
16	R-HSA-5684264
262	R-HSA-5684996
39	R-HSA-5685938
10	R-HSA-5685939
69	R-HSA-5685942
19	R-HSA-5686938
110	R-HSA-5687128
1	R-HSA-5687583
10	R-HSA-5687613
1	R-HSA-5687868
1	R-HSA-5688031
1	R-HSA-5688354
1	R-HSA-5688399
331	R-HSA-5688426
8	R-HSA-5688849
8	R-HSA-5688890
132	R-HSA-5689603
12	R-HSA-5689877
243	R-HSA-5689880
39	R-HSA-5689896
38	R-HSA-5689901
2	R-HSA-5690338
91	R-HSA-5690714
177	R-HSA-5693532
35	R-HSA-5693537
149	R-HSA-5693538
6	R-HSA-5693548
27	R-HSA-5693554
85	R-HSA-5693565
143	R-HSA-5693567
34	R-HSA-5693568
78	R-HSA-5693571
44	R-HSA-5693579
86	R-HSA-5693606
109	R-HSA-5693607
41	R-HSA-5693616
33	R-HSA-5694530
49	R-HSA-5696394
51	R-HSA-5696395
25	R-HSA-5696397
129	R-HSA-5696398
103	R-HSA-5696399
48	R-HSA-5696400
1528	R-HSA-597592
75	R-HSA-606279
108	R-HSA-611105
20	R-HSA-622312
12	R-HSA-622323
14	R-HSA-622327
7	R-HSA-629587
11	R-HSA-629594
9	R-HSA-629597
99	R-HSA-674695
61	R-HSA-6781823
86	R-HSA-6781827
73	R-HSA-6782135
72	R-HSA-6782210
41	R-HSA-6782315
6	R-HSA-6782861
40	R-HSA-6783310
24	R-HSA-6783589
59	R-HSA-6783783
4	R-HSA-6783984
71	R-HSA-6784531
5	R-HSA-6785470
13	R-HSA-6785631
121	R-HSA-6785807
8	R-HSA-6787450
7	R-HSA-6787639
17	R-HSA-6788467
70	R-HSA-6790901
1	R-HSA-6791055
207	R-HSA-6791226
52	R-HSA-6791312
1	R-HSA-6791461
1	R-HSA-6791462
2	R-HSA-6791465
7	R-HSA-6793080
59	R-HSA-6794361
94	R-HSA-6794362
85	R-HSA-6796648
6	R-HSA-6798163
568	R-HSA-6798695
62	R-HSA-6799198
6	R-HSA-6799990
46	R-HSA-6802946
37	R-HSA-6802948
61	R-HSA-6802949
67	R-HSA-6802952
5	R-HSA-6802953
46	R-HSA-6802955
85	R-HSA-6802957
129	R-HSA-6803157
20	R-HSA-6803204
16	R-HSA-6803205
12	R-HSA-6803207
12	R-HSA-6803211
27	R-HSA-6803529
4	R-HSA-6803544
18	R-HSA-6804114
24	R-HSA-6804115
14	R-HSA-6804116
2	R-HSA-6804754
102	R-HSA-6804756
41	R-HSA-6804757
33	R-HSA-6804758
15	R-HSA-6804759
24	R-HSA-6804760
260	R-HSA-6805567
42	R-HSA-6806003
3	R-HSA-6806664
54	R-HSA-6806667
85	R-HSA-6806834
6	R-HSA-6806942
20	R-HSA-6807004
4	R-HSA-6807047
4	R-HSA-6807062
172	R-HSA-6807070
77	R-HSA-6807505
104	R-HSA-6807878
142	R-HSA-6809371
1	R-HSA-6809583
106	R-HSA-6811434
53	R-HSA-6811436
46	R-HSA-6811438
57	R-HSA-6811440
215	R-HSA-6811442
10	R-HSA-6811555
95	R-HSA-6811558
49	R-HSA-6814122
7	R-HSA-6814848
6	R-HSA-68616
12	R-HSA-68689
77	R-HSA-68827
87	R-HSA-68867
138	R-HSA-68875
215	R-HSA-68877
2	R-HSA-68881
217	R-HSA-68882
14	R-HSA-68884
426	R-HSA-68886
5	R-HSA-68911
89	R-HSA-68949
8	R-HSA-68952
33	R-HSA-68962
104	R-HSA-69002
90	R-HSA-69017
108	R-HSA-69052
14	R-HSA-69091
14	R-HSA-69109
14	R-HSA-69166
15	R-HSA-69183
20	R-HSA-69186
32	R-HSA-69190
4	R-HSA-69200
103	R-HSA-69202
28	R-HSA-69205
151	R-HSA-69206
45	R-HSA-69231
45	R-HSA-69236
137	R-HSA-69239
181	R-HSA-69242
26	R-HSA-69273
229	R-HSA-69275
574	R-HSA-69278
146	R-HSA-69306
10	R-HSA-69416
107	R-HSA-69473
5	R-HSA-69478
198	R-HSA-69481
75	R-HSA-69541
4	R-HSA-69560
84	R-HSA-69563
84	R-HSA-69580
70	R-HSA-69601
70	R-HSA-69610
70	R-HSA-69613
86	R-HSA-69615
112	R-HSA-69618
323	R-HSA-69620
105	R-HSA-69656
4	R-HSA-69895
67	R-HSA-70171
15	R-HSA-70221
35	R-HSA-70263
31	R-HSA-70268
88	R-HSA-70326
5	R-HSA-70350
5	R-HSA-70370
11	R-HSA-70635
3	R-HSA-70688
19	R-HSA-70895
8	R-HSA-70921
5	R-HSA-71032
12	R-HSA-71064
15	R-HSA-71240
4	R-HSA-71262
11	R-HSA-71288
400	R-HSA-71291
15	R-HSA-71336
12	R-HSA-71384
295	R-HSA-71387
22	R-HSA-71403
55	R-HSA-71406
2	R-HSA-71737
37	R-HSA-72086
198	R-HSA-72163
58	R-HSA-72165
206	R-HSA-72172
63	R-HSA-72187
9	R-HSA-72200
87	R-HSA-72202
263	R-HSA-72203
119	R-HSA-72306
228	R-HSA-72312
131	R-HSA-72613
69	R-HSA-72649
70	R-HSA-72662
113	R-HSA-72689
62	R-HSA-72695
69	R-HSA-72702
124	R-HSA-72706
8	R-HSA-72731
131	R-HSA-72737
104	R-HSA-72764
320	R-HSA-72766
9	R-HSA-727802
11	R-HSA-73614
11	R-HSA-73621
64	R-HSA-73728
69	R-HSA-73762
108	R-HSA-73772
57	R-HSA-73776
57	R-HSA-73779
19	R-HSA-73780
13	R-HSA-73817
3	R-HSA-73843
133	R-HSA-73854
72	R-HSA-73856
1437	R-HSA-73857
46	R-HSA-73863
134	R-HSA-73864
92	R-HSA-73884
113	R-HSA-73886
153	R-HSA-73887
48	R-HSA-73893
361	R-HSA-73894
58	R-HSA-73927
63	R-HSA-73928
64	R-HSA-73929
2	R-HSA-73930
36	R-HSA-73933
8	R-HSA-73942
7	R-HSA-73943
24	R-HSA-73980
43	R-HSA-74158
1583	R-HSA-74160
11	R-HSA-74182
14	R-HSA-74217
15	R-HSA-74259
5	R-HSA-74713
9	R-HSA-74749
47	R-HSA-74751
78	R-HSA-74752
43	R-HSA-749476
14	R-HSA-75035
2	R-HSA-75064
29	R-HSA-75067
11	R-HSA-75072
9	R-HSA-75094
2	R-HSA-75102
51	R-HSA-75105
4	R-HSA-75108
15	R-HSA-75109
54	R-HSA-75153
5	R-HSA-75157
8	R-HSA-75158
14	R-HSA-75205
70	R-HSA-75815
25	R-HSA-75876
16	R-HSA-75892
49	R-HSA-75893
3	R-HSA-75896
4	R-HSA-75944
57	R-HSA-75953
74	R-HSA-75955
275	R-HSA-76002
139	R-HSA-76005
38	R-HSA-76009
57	R-HSA-76042
38	R-HSA-76046
30	R-HSA-76061
29	R-HSA-76066
30	R-HSA-76071
2	R-HSA-77042
35	R-HSA-77075
5	R-HSA-77108
9	R-HSA-77111
3	R-HSA-77285
11	R-HSA-77286
6	R-HSA-77288
37	R-HSA-77289
3	R-HSA-77305
5	R-HSA-77310
6	R-HSA-77346
5	R-HSA-77348
5	R-HSA-77350
5	R-HSA-77352
33	R-HSA-77387
75	R-HSA-774815
11	R-HSA-77588
20	R-HSA-77595
8	R-HSA-804914
12	R-HSA-83936
3	R-HSA-844455
15	R-HSA-844456
3	R-HSA-844615
2	R-HSA-844623
190	R-HSA-877300
13	R-HSA-877312
19	R-HSA-879415
11	R-HSA-879518
3	R-HSA-880009
19	R-HSA-881907
5	R-HSA-8847453
11	R-HSA-8847993
53	R-HSA-8848021
7	R-HSA-8848584
4	R-HSA-8849175
5	R-HSA-8849468
9	R-HSA-8849469
6	R-HSA-8849470
15	R-HSA-8849471
3	R-HSA-8849472
5	R-HSA-8849473
4	R-HSA-8849474
26	R-HSA-8849932
8	R-HSA-8850843
19	R-HSA-8851680
19	R-HSA-8851708
13	R-HSA-8851805
5	R-HSA-8851907
79	R-HSA-8852135
100	R-HSA-8852276
4	R-HSA-8852405
1	R-HSA-8853333
10	R-HSA-8853334
3	R-HSA-8853336
19	R-HSA-8853338
4	R-HSA-8853383
39	R-HSA-8853659
73	R-HSA-8854050
44	R-HSA-8854214
82	R-HSA-8854518
2	R-HSA-8854521
25	R-HSA-8854691
140	R-HSA-8856688
105	R-HSA-8856825
145	R-HSA-8856828
6	R-HSA-8857538
22	R-HSA-8862803
22	R-HSA-8863678
28	R-HSA-8863795
38	R-HSA-8864260
4	R-HSA-8865999
5	R-HSA-8866376
5	R-HSA-8866423
12	R-HSA-8866427
30	R-HSA-8866652
59	R-HSA-8866654
10	R-HSA-8866904
4	R-HSA-8866906
12	R-HSA-8866907
15	R-HSA-8866910
5	R-HSA-8866911
11	R-HSA-8868766
217	R-HSA-8868773
5	R-HSA-8869496
66	R-HSA-8873719
34	R-HSA-8874081
9	R-HSA-8874211
14	R-HSA-8875360
5	R-HSA-8875513
10	R-HSA-8875555
9	R-HSA-8875656
3	R-HSA-8875791
44	R-HSA-8875878
93	R-HSA-8876198
19	R-HSA-8876384
9	R-HSA-8876493
17	R-HSA-8876725
10	R-HSA-8877330
1	R-HSA-8877627
118	R-HSA-8878159
138	R-HSA-8878166
269	R-HSA-8878171
2	R-HSA-888568
18	R-HSA-888590
4	R-HSA-888593
6	R-HSA-8931987
17	R-HSA-8934593
15	R-HSA-8934903
22	R-HSA-8935690
6	R-HSA-8935964
98	R-HSA-8936459
7	R-HSA-8937144
223	R-HSA-8939211
150	R-HSA-8939236
8	R-HSA-8939242
48	R-HSA-8939243
6	R-HSA-8939245
6	R-HSA-8939246
5	R-HSA-8939247
6	R-HSA-8939256
90	R-HSA-8939902
23	R-HSA-8940973
4	R-HSA-8941237
4	R-HSA-8941284
30	R-HSA-8941326
8	R-HSA-8941332
3	R-HSA-8941333
2	R-HSA-8941413
6	R-HSA-8941855
15	R-HSA-8941856
73	R-HSA-8941858
2	R-HSA-8942233
9	R-HSA-8943723
64	R-HSA-8943724
48	R-HSA-8948216
8	R-HSA-8948700
9	R-HSA-8948747
98	R-HSA-8948751
26	R-HSA-8949215
5	R-HSA-8949275
31	R-HSA-8949613
19	R-HSA-8949664
40	R-HSA-8950505
8	R-HSA-8951430
258	R-HSA-8951664
8	R-HSA-8951671
2	R-HSA-8951911
12	R-HSA-8951936
5	R-HSA-8952158
45	R-HSA-8953750
766	R-HSA-8953854
573	R-HSA-8953897
44	R-HSA-8955332
32	R-HSA-8956319
16	R-HSA-8956320
24	R-HSA-8956321
110	R-HSA-8957275
154	R-HSA-8957322
4	R-HSA-8963676
5	R-HSA-8963684
11	R-HSA-8963691
12	R-HSA-8963693
26	R-HSA-8963743
10	R-HSA-8963888
18	R-HSA-8963889
7	R-HSA-8963896
18	R-HSA-8963898
30	R-HSA-8963899
10	R-HSA-8963901
4	R-HSA-8964011
5	R-HSA-8964026
19	R-HSA-8964038
4	R-HSA-8964041
32	R-HSA-8964043
6	R-HSA-8964046
9	R-HSA-8964058
6	R-HSA-8964208
19	R-HSA-8964315
13	R-HSA-8964539
1	R-HSA-8964540
7	R-HSA-8964572
21	R-HSA-8964616
192	R-HSA-8978868
19	R-HSA-8978934
39	R-HSA-8979227
4	R-HSA-8981373
3	R-HSA-8981607
27	R-HSA-8982491
14	R-HSA-8983432
9	R-HSA-8983711
13	R-HSA-8984722
4	R-HSA-8985586
4	R-HSA-8985801
9	R-HSA-8985947
61	R-HSA-8986944
11	R-HSA-9005891
11	R-HSA-9005895
23	R-HSA-9006115
25	R-HSA-9006335
26	R-HSA-9006921
330	R-HSA-9006925
53	R-HSA-9006927
281	R-HSA-9006931
474	R-HSA-9006934
102	R-HSA-9006936
125	R-HSA-9007101
4	R-HSA-9007892
21	R-HSA-9008059
77	R-HSA-9009391
27	R-HSA-901032
33	R-HSA-901042
199	R-HSA-9010553
8	R-HSA-9010642
9	R-HSA-9012546
51	R-HSA-9012852
26	R-HSA-9013507
26	R-HSA-9013508
104	R-HSA-9013694
25	R-HSA-9013695
14	R-HSA-9013700
7	R-HSA-9013957
13	R-HSA-9013973
11	R-HSA-9014325
6	R-HSA-9014826
2	R-HSA-9014843
8	R-HSA-9017802
150	R-HSA-9018519
4	R-HSA-9018676
19	R-HSA-9018677
21	R-HSA-9018678
6	R-HSA-9018679
4	R-HSA-9018681
10	R-HSA-9018682
5	R-HSA-9018683
5	R-HSA-9018896
3	R-HSA-9020265
12	R-HSA-9020558
49	R-HSA-9020591
126	R-HSA-9020702
9	R-HSA-9020933
12	R-HSA-9020956
10	R-HSA-9020958
3	R-HSA-9022535
6	R-HSA-9022537
2	R-HSA-9022538
30	R-HSA-9022692
16	R-HSA-9022699
8	R-HSA-9022702
4	R-HSA-9022707
2	R-HSA-9022927
4	R-HSA-9023661
2	R-HSA-9024909
2	R-HSA-9025046
5	R-HSA-9025094
2	R-HSA-9025106
3	R-HSA-9026286
3	R-HSA-9026290
2	R-HSA-9026357
3	R-HSA-9026395
2	R-HSA-9026403
8	R-HSA-9026519
4	R-HSA-9026527
3	R-HSA-9026762
2	R-HSA-9026766
12	R-HSA-9027276
7	R-HSA-9027277
7	R-HSA-9027283
14	R-HSA-9027284
7	R-HSA-9027307
6	R-HSA-9028335
11	R-HSA-9028731
6	R-HSA-9032500
4	R-HSA-9032759
6	R-HSA-9032845
64	R-HSA-9033241
7	R-HSA-9033500
25	R-HSA-9033658
2	R-HSA-9033807
2	R-HSA-9034013
16	R-HSA-9034015
3	R-HSA-9034793
7	R-HSA-9034864
2	R-HSA-9035968
2	R-HSA-9036092
4	R-HSA-9036866
2	R-HSA-9037628
22	R-HSA-9037629
111	R-HSA-909733
94	R-HSA-912446
27	R-HSA-912526
21	R-HSA-912631
24	R-HSA-912694
305	R-HSA-913531
68	R-HSA-913709
2	R-HSA-916853
33	R-HSA-917729
67	R-HSA-917937
38	R-HSA-917977
15	R-HSA-918233
126	R-HSA-927802
30	R-HSA-933541
31	R-HSA-933542
12	R-HSA-933543
34	R-HSA-936440
55	R-HSA-936837
17	R-HSA-936964
14	R-HSA-937039
23	R-HSA-937041
10	R-HSA-937042
106	R-HSA-937061
15	R-HSA-937072
4	R-HSA-947581
192	R-HSA-948021
6	R-HSA-9603381
3	R-HSA-9603505
20	R-HSA-9603798
74	R-HSA-9604323
3	R-HSA-9605308
275	R-HSA-9607240
173	R-HSA-9609507
25	R-HSA-9609523
42	R-HSA-9609736
116	R-HSA-9612973
9	R-HSA-9613354
16	R-HSA-9613829
67	R-HSA-9614085
13	R-HSA-9614399
16	R-HSA-9614657
30	R-HSA-9615017
30	R-HSA-9615710
90	R-HSA-9616222
1	R-HSA-9616333
1	R-HSA-9616334
20	R-HSA-9617324
10	R-HSA-9617629
17	R-HSA-9617828
6	R-HSA-9619229
28	R-HSA-9619483
21	R-HSA-9620244
12	R-HSA-9627069
1	R-HSA-9629232
1	R-HSA-9630221
1	R-HSA-9630222
3	R-HSA-9630747
3	R-HSA-9630750
2	R-HSA-9630791
3	R-HSA-9630794
3	R-HSA-9632693
2	R-HSA-9632697
3	R-HSA-9632700
12	R-HSA-9634600
7	R-HSA-9634635
25	R-HSA-9634638
1	R-HSA-9636003
4	R-HSA-9640463
6	R-HSA-9645135
5	R-HSA-964739
3	R-HSA-964827
3	R-HSA-964975
15	R-HSA-975110
98	R-HSA-975138
14	R-HSA-975144
100	R-HSA-975155
15	R-HSA-975163
1	R-HSA-975574
29	R-HSA-975576
18	R-HSA-975577
10	R-HSA-975578
50	R-HSA-975634
92	R-HSA-975871
106	R-HSA-975956
126	R-HSA-975957
28	R-HSA-977068
111	R-HSA-977225
9	R-HSA-977347
64	R-HSA-977443
47	R-HSA-977444
152	R-HSA-977606
23	R-HSA-982772
335	R-HSA-983168
450	R-HSA-983169
78	R-HSA-983170
64	R-HSA-983189
175	R-HSA-983231
115	R-HSA-983695
215	R-HSA-983705
193	R-HSA-983712
47	R-HSA-991365
32	R-HSA-997272
